id,first_name,last_name,age,street,city,state,zip,birthday
1,Lillian,Simmons,18,Udabum Plaza,Ezdezuha,FL,45181,12/26/1986
2,Earl,Welch,61,Hute Park,Kiikro,HI,82982,3/9/1970
3,Kyle,Graves,63,Murko Pass,Podsibmu,ID,92301,5/9/2003
4,Ricky,McDonald,51,Neckuc Glen,Bopesilep,CT,58323,10/5/1991
5,Thomas,Munoz,52,Soad Court,Uvtakof,RI,85492,12/3/1970
6,Clayton,Wilson,23,Gavi Lane,Teoculo,IN,59960,6/5/1968
7,Lucile,Goodwin,49,Jaru Highway,Runtifo,ND,61277,4/30/1991
8,Mayme,Roberson,56,Rigme Plaza,Rajvadih,AK,22500,7/11/1995
9,Jerome,McGuire,43,Dirova Grove,Owrule,NM,34333,4/10/1960
10,Rosalie,Long,37,Vakce Circle,Hipijem,IN,95005,10/17/1962
11,Johnny,Lawrence,18,Dubar Grove,Repufep,IL,13299,9/13/2002
12,Billy,Taylor,27,Waji Court,Meanacu,WA,51636,7/18/1986
13,Darrell,West,29,Jarvi Trail,Jowerbec,NJ,46820,3/15/1997
14,Maude,Foster,36,Ivede Pike,Bavewgus,OH,98213,2/22/1965
15,Luke,Hubbard,32,Owegu Mill,Pairohe,AK,97484,1/12/1980
16,Clifford,Harper,26,Zalmur Avenue,Riahuron,VA,58609,9/3/1994
17,Tom,Hart,35,Japji Grove,Hojafon,NE,97477,2/11/1964
18,Gordon,Fisher,42,Henu Avenue,Dufjajro,MS,16620,12/21/1969
19,Cordelia,Hernandez,53,Luriv Path,Oriefib,FL,55717,4/25/2000
20,Edith,Moody,62,Wuwju Square,Soduva,OK,44580,7/3/1993
21,Sylvia,Moss,22,Todcok Grove,Dikupca,MT,23570,8/8/1962
22,Olga,Rose,64,Nufzi River,Gognewzu,KS,27500,11/12/1977
23,Ruth,Terry,37,Bunoj Park,Upitebun,WI,12510,2/21/1985
24,Paul,Casey,48,Civaz Junction,Reovmu,WA,75254,11/24/1970
25,Dora,Turner,55,Azuguj Grove,Nasustiz,MO,75175,6/13/1980
26,Terry,Lowe,56,Evuagi Trail,Rasucmal,ND,37350,3/26/1992
27,Bryan,Doyle,28,Akof Lane,Ullufif,IN,90458,7/15/1959
28,Sophie,Powers,38,Boaw Road,Adaekife,MN,75809,2/22/1978
29,Winnie,Alvarado,30,Uruz Glen,Dodifo,IL,52138,8/23/1994
30,Calvin,Bowen,60,Savmu Pass,Erpevjom,HI,91338,12/25/1971
31,Oscar,Maxwell,54,Kugaji Street,Fesazfu,NC,03260,8/15/1985
32,Calvin,Parks,64,Riav Mill,Nehcuzeg,MI,08307,4/11/1964
33,Marion,Osborne,54,Coret Place,Rigozewik,KY,63176,2/3/1968
34,Olive,Lambert,39,Gablol Park,Ifdeche,MI,36806,1/9/2002
35,Nathaniel,Garza,40,Fipro Center,Omvefov,CA,99177,4/3/1994
36,Dustin,Morales,65,Resfe Lane,Zezomtu,MO,87240,8/28/1982
37,Clara,Potter,51,Ecjem Road,Fejimle,WI,10522,9/26/1985
38,Caroline,Parker,26,Zuwek Grove,Waluruf,CT,67818,2/2/1964
39,Joshua,Moss,53,Vugu Place,Lonipu,MN,31724,7/24/1961
40,Mabel,Graves,29,Edwu Extension,Ujoozkok,WA,55909,10/25/1960
41,Gilbert,Daniel,52,Hataz Drive,Apebeklu,ME,68737,7/31/1960
42,Willie,Moran,41,Feskaw Extension,Torobew,OK,13436,11/12/1979
43,Adrian,Carpenter,58,Mofpu Parkway,Ajjadogi,DC,48864,9/5/1989
44,Jennie,Herrera,19,Ovju Street,Bocsaumi,GA,33729,1/23/1987
45,Ada,Collier,48,Uwobaf Circle,Pokjenus,IA,84433,12/28/2004
46,Cecelia,Gross,52,Susfiw Loop,Fujvuzon,WY,47325,6/8/1958
47,Jay,Wright,42,Lodop Highway,Folliesi,WY,33018,8/8/1968
48,Mae,Robbins,23,Vacsok Pike,Obdomzu,ND,86382,6/10/1971
49,Elsie,Montgomery,56,Riniw Loop,Bogpaztid,VT,19913,7/13/1994
50,Curtis,McBride,30,Lijed Turnpike,Iranuna,MS,48026,5/15/1996
51,Olivia,Wilson,64,Oniwo Square,Bofoliru,UT,23489,10/2/1971
52,Roger,Figueroa,43,Akesa Turnpike,Joawime,IA,68535,1/3/1997
53,Philip,Warren,41,Zifemo Loop,Odzever,DE,76587,10/3/1975
54,Rosa,Barrett,27,Dugpar Court,Pisitsa,WA,91996,10/23/1962
55,Susie,Gonzalez,47,Osicu View,Wojekve,NH,37387,3/20/1983
56,Harriett,Phelps,62,Zerwub Loop,Tiwiri,MS,68824,1/10/2002
57,Jeffery,Manning,30,Haviv Lane,Hujasama,NM,06858,4/18/2000
58,Floyd,Gardner,61,Erenim Pass,Wasoje,FL,56456,6/18/1998
59,Theodore,Graves,58,Umoawa Drive,Weczogji,UT,55301,1/14/1993
60,Winnie,Cross,24,Atlu Lane,Biwbevig,OH,26047,5/9/1995
61,Cole,Holloway,38,Numgo Pike,Meruzzag,TX,04119,1/26/2004
62,Christine,Clarke,50,Zaze Parkway,Gabonar,MS,73995,2/2/1989
63,Ruth,Leonard,38,Povu Lane,Wiszessa,MA,65025,9/30/2000
64,Cornelia,Green,56,Gehza Center,Hutawuc,ID,07624,9/29/1989
65,Mary,Barber,47,Wudota Mill,Ujkoki,KY,37310,1/28/1980
66,Harriett,Wong,39,Cure View,Lazijigu,MA,29252,1/12/1969
67,Maude,Brown,58,Ummo Court,Manvijeg,MO,81636,7/22/1970
68,Devin,Cohen,60,Hawe Turnpike,Wihitar,MA,81431,1/27/2005
69,Carlos,Hardy,36,Gebhon View,Agwewicu,AZ,71466,1/30/1981
70,Helena,Logan,18,Ifre Center,Hepowrew,WA,81358,10/13/1998
71,Oscar,Rios,64,Kiivo Square,Busajlu,MA,16974,11/16/1960
72,Lola,Maxwell,34,Onno Glen,Unukorze,KS,68962,8/9/1992
73,Carolyn,Cole,26,Baes Way,Lihetzoh,OK,21374,11/5/1973
74,Luis,Sanders,29,Ehzow Pike,Zatwoso,IL,85051,11/8/1968
75,Roxie,Aguilar,65,Tubdo Avenue,Hasuvu,MN,53487,2/5/2000
76,Lottie,Mullins,34,Pedon Path,Vakeco,IN,33832,9/9/1972
77,Harriet,Holt,20,Pibkac Drive,Egkazpa,OR,82475,3/4/2002
78,Alex,Pena,33,Wojbow Road,Piguma,NE,48850,10/27/1984
79,Ella,Romero,42,Zucpa Highway,Kecagiw,MT,88204,10/29/1963
80,Katharine,Briggs,47,Jicki Place,Witpucun,IN,98113,10/14/1975
81,Justin,Graham,49,Lilek Extension,Lencurozi,ND,21215,10/26/1958
82,Sylvia,Underwood,23,Vuvkuw Turnpike,Wevazsec,MA,31155,7/18/1980
83,Steve,Newman,24,Vagad Ridge,Osfuvag,IA,07133,5/7/1975
84,Harvey,Fisher,49,Vuju Square,Tojwajoc,ME,93295,3/27/1978
85,Lilly,Carpenter,33,Hifsi Street,Fipwarpo,WY,21401,5/22/1964
86,Cecilia,Huff,28,Fegimi Street,Ziwtoona,VA,23986,12/9/1980
87,Harry,Myers,39,Hunul Street,Buwavpe,MI,25352,6/11/1993
88,Lena,McBride,30,Fipruk Drive,Vamurog,KY,08457,2/11/1995
89,Lola,Brown,31,Biwupi Path,Pacuvar,OK,31894,9/30/1961
90,Essie,Soto,39,Kofce Street,Jasrirmu,NJ,52874,9/6/1964
91,Phillip,McKenzie,51,Lifoju Drive,Ihimuvgar,OR,29550,10/13/2005
92,Jack,Flowers,65,Korubi Grove,Hugokjuv,FL,59288,6/26/1967
93,Ann,Welch,19,Gaeda Point,Nopfajede,ME,58306,3/12/1970
94,Cynthia,McCormick,56,Hacin Lane,Viudoede,MN,04045,8/6/1971
95,Milton,Watkins,52,Vajwic Court,Kifjifka,IN,65893,1/26/1986
96,Mittie,Vaughn,28,Kuvdej Trail,Ovamulu,AR,07978,1/12/1964
97,Bobby,Collins,61,Marra Drive,Vuemokos,GA,32315,12/19/1964
98,Andrew,Gomez,25,Avoz Terrace,Gumavfo,IL,71279,9/22/1973
99,Mabelle,Richardson,53,Hobek Parkway,Kidzadek,WV,02742,7/23/2002
100,Jesse,Green,45,Ihlo Trail,Lojedja,OH,02411,11/30/1995
