id,first_name,last_name,credit_card_number,email
1,Kevin,Rodgers,30080134105143,ir@panzunam.ph
2,Cordelia,Harrington,4903147942076596,abin@wib.sk
3,Elijah,Figueroa,6304062507428936,ranin@dawapem.no
4,Gerald,Johnston,4509446445139432,tafos@monap.sx
5,Lilly,Ortiz,6375541898181513,ledguzwoj@siiw.bi
6,Eula,Bradley,5450621491624695,duroppac@sazma.tc
7,Ina,Patton,5144552800647691,temcejtu@ze.tl
8,Duane,Ortega,6372733090039192,benir@abanuwez.pa
9,Luke,Hall,4982677832856966,cocu@rercepedo.cg
10,Minnie,Reyes,347807651789323,zeochaj@riin.uy
11,Sadie,Estrada,6334162327295954,one@nalaso.lt
12,Phillip,Simon,5610003724087312,peufafi@ucodelfih.ml
13,Harry,Cannon,36407704245989,uwawi@vew.sy
14,Mabelle,Allison,5018762207481346,wap@ra.ml
15,Sue,Alexander,36824140911406,puzfeme@duanazi.mp
16,Eddie,Tucker,6213313694605343,bilkujik@sik.bi
17,Jimmy,Chambers,4735913829820065,jo@eheema.ly
18,Douglas,Griffin,5170915137454916,uli@pa.ai
19,Jennie,Ruiz,5163324164314888,offud@jozogvaw.pg
20,Alan,Turner,4903115877411112,vinvuwez@pog.va
21,Cody,Rios,4026292305162351,vilkahowe@ocaco.aw
22,Benjamin,Obrien,6206922980751071,uhomo@fuwu.edu
23,Eleanor,Wheeler,5106573804025037,tepo@luvohu.zm
24,Minerva,Padilla,6334076858993615,ocelge@viva.mq
25,Gene,Sims,6373816372231303,ucrabu@amtu.lv
26,Mark,Fernandez,5610446519643841,ronaopi@zesenab.es
27,Noah,Sharp,5415996170217233,ha@esiuw.co.uk
28,Christian,Porter,5018988113574250,ja@ig.tr
29,Madge,Meyer,30091707806736,dodda@gento.im
30,Ronnie,Matthews,36102185533652,fethis@wehe.nf
31,Devin,Turner,6206581064025834,furew@kug.az
32,Lina,Blake,5107281661137437,hig@fo.by
33,Cecilia,Barnes,5156242690094346,cezkaatu@pajur.mx
34,Eva,Smith,6215353049659700,ahehawvi@jozgih.kg
35,Joseph,Lambert,6231601646594880,lic@lawip.sh
36,Craig,Phillips,36339479887606,biufta@car.ls
37,Blanche,Johnson,5610163654628772,he@biavmo.ws
38,Augusta,Daniels,30056044732010,vedomi@napci.li
39,Alvin,Cannon,3528528411926030,neb@ju.am
40,Hannah,Griffin,6304017886103674,ciwhec@vemag.hu
41,Stella,Bridges,30089470581627,rusanuojo@hi.bs
42,Gabriel,Kelley,4026614867469249,fep@ew.mk
43,Alma,Barrett,6374691612298464,mecmodono@tib.la
44,Cody,Waters,5158527011775435,kuhene@da.cx
45,Myrtle,Brock,6245408676486936,ibdaniw@nuwmapib.vg
46,Lula,Ross,6304326929681186,de@toj.ar
47,Blanche,Gutierrez,201434626274250,lejelbok@udesu.ax
48,Leonard,Ramirez,4903069603538112,cud@ba.so
49,Jimmy,Hicks,3528303555186779,di@ra.mn
50,Shawn,Oliver,5610499592617943,ga@mot.kn
51,Nellie,Lamb,345174450818916,re@huferfut.hu
52,Roger,Barnes,30036132716067,hederu@gahhi.hn
53,Joel,Russell,340084437251369,ponta@is.gt
54,Wayne,Shaw,6011907351486618,za@verascit.md
55,Clayton,White,5105234927400893,seju@tobetol.co.uk
56,Zachary,Wilkins,4903309271892304,kufvihu@sahgekoh.ac
57,Sallie,Obrien,4026879290121531,navsalam@zuco.ba
58,Jorge,Potter,6304450464659165,gafep@rabapi.gr
59,Wesley,Kim,6373619182140361,ijwohowi@rol.cv
60,Clifford,Perkins,6375923946431555,sarigor@tojzo.vn
61,Kyle,Hoffman,5018163561408506,pazfuvmi@akuoda.pl
62,Marion,Moore,4903297523618843,jehuvwo@ela.my
63,Philip,Hall,343528352621631,uwi@vipa.ck
64,Herman,Webster,5427877896336901,awjefka@gi.cf
65,Jennie,Soto,6334382541829541,ijniko@cutitdis.ck
66,Eliza,Floyd,5430147260632664,wo@lohesno.ms
67,Dale,Gibbs,3528977539063111,wuiwi@azzobba.ba
68,Eleanor,Swanson,36286309151911,vobi@jar.gt
69,Brent,Schwartz,4903867546422660,virim@jobjilew.bw
70,Susie,Curry,6304281317039036,opehas@ogemomut.az
71,Georgia,Castillo,6304409230393814,puv@figo.mq
72,Leroy,Reeves,5018961911855858,ato@cumana.er
73,Nora,Curtis,3528653510209847,ethence@cof.mc
74,Eva,Hart,5610935134257110,gag@pefa.vu
75,Virgie,Hunter,5610940692520453,uhu@up.kz
76,Ralph,Davis,3528807950504105,jojdotu@pet.kg
77,Essie,Scott,4026561324870313,rolpo@adicolut.aq
78,Delia,McBride,36459384798464,muru@bocucbig.td
79,Gabriel,Holloway,4026274371892400,vafcejofe@nuka.kn
80,Tillie,Meyer,6259100962073196,mujru@daute.an
81,Ora,Carson,6304956266983454,se@kum.dk
82,Blake,Manning,4026356024112326,ditte@taheha.zw
83,Beatrice,Black,201493590017624,baha@tohamteh.il
84,Tony,Murray,5492812011918382,kamah@he.td
85,Frank,Hudson,6375037109466207,haasum@virido.pg
86,Verna,Gordon,348796551327293,tosahig@ekojomhob.nc
87,Howard,Clayton,5137977868983846,efto@gabrat.ke
88,Steven,Austin,349649127859928,lowahe@etuhu.lc
89,Roy,Buchanan,345619628565633,zofsenfa@pol.cw
90,Lela,Stewart,6304120036680557,go@putozcil.ir
91,Rosalie,Maxwell,5481531165709446,wobejhuj@ce.cr
92,Ronnie,Tyler,3528395983344418,mownossev@eza.gl
93,Carl,Rodriquez,6334954920455997,ci@wo.no
94,Shane,Riley,5610444532597706,rumsod@nutu.ro
95,Sylvia,Washington,4903355451295974,ib@gi.vi
96,Russell,Page,6334553382588608,jovimet@zel.fj
97,Kathryn,Christensen,36554109265094,now@fewiple.rs
98,Raymond,Daniel,5018667954296518,veclop@re.sr
99,Bobby,Porter,6295411673012480,dupes@buwadere.aq
100,Martin,Manning,6216449894136676,jozajbi@bo.mu
