id,last_name,first_name,email,phone,department
1,Jimenez,Phillip,rec@hi.br,(351) 676-3052,Human Resources
2,Baker,Myrtie,icaorov@bavpoh.cr,(241) 889-4037,Sales
3,Pierce,Ada,kiz@rused.gs,(936) 278-2064,Finance
4,Ortega,Marie,da@bohla.ao,(479) 731-5538,Accounting
5,Massey,Laura,dez@ben.lc,(207) 625-6106,IT
6,Rose,Jennie,purmol@akpu.an,(809) 608-6529,Accounting
7,Wolfe,Hallie,tohwajub@erarurtol.ad,(412) 338-7629,Finance
8,Miles,Chester,redgago@mucovof.sn,(900) 874-4040,IT
9,Ferguson,Lucas,lemjizzu@nidewapu.sk,(577) 511-4328,Finance
10,Garner,Jeanette,nes@oj.ls,(488) 994-9568,Human Resources
11,Cross,Eunice,jamsis@vagemta.ec,(406) 527-6716,Management
12,Henderson,Roy,zo@fecwuhul.ac,(227) 331-6653,Human Resources
13,Copeland,Annie,givma@dumcoci.gp,(629) 366-5262,Sales
14,Olson,Samuel,avo@epimasfij.de,(875) 614-3227,Sales
15,Montgomery,Lillian,cumulet@gaefila.om,(229) 597-6709,Human Resources
16,Garrett,Susie,vi@rerecvol.edu,(555) 526-7970,IT
17,Nunez,Dennis,lamohimu@ad.wf,(910) 863-5649,Sales
18,Walker,Hattie,lem@vohmetew.eu,(381) 454-2752,Sales
19,Hale,Isaiah,hopha@dobtawman.uz,(944) 208-6208,Human Resources
20,Banks,Darrell,biegvi@esito.th,(512) 294-8429,Human Resources
21,Ray,Henry,zomuwa@loutjuv.ua,(939) 283-9473,Sales
22,Shelton,Minerva,en@jungez.do,(905) 497-7821,Finance
23,Peters,Louise,sa@inpasa.se,(967) 334-5599,Finance
24,Boyd,Catherine,jirij@voh.np,(356) 451-7678,Finance
25,Cannon,Mamie,emipo@cobe.org,(488) 705-6000,Human Resources
26,Quinn,Wesley,hocageh@sadubme.nf,(267) 730-9058,Sales
27,Nichols,Laura,niknus@iwud.eu,(225) 268-4658,Finance
28,Reyes,Florence,dufeib@hiw.tk,(371) 491-6808,Sales
29,Nash,Tom,ur@vuzi.nc,(919) 772-5621,Sales
30,Armstrong,Maude,ebzu@suzezow.kz,(233) 982-7825,IT
31,Park,Bobby,ce@ruj.sk,(846) 728-3366,Finance
32,Lee,Hilda,iwigez@tadedvu.nu,(502) 322-8166,Management
33,Peterson,Eva,bothop@ceso.mo,(840) 831-7387,Sales
34,Reed,Roxie,pem@sifvone.it,(283) 472-6531,IT
35,Stephens,Ada,na@baswaz.ne,(222) 989-7228,Sales
36,Ford,Randy,pumnozan@jawal.kr,(685) 653-8373,Human Resources
37,Reeves,Anthony,gawwoif@inaku.cm,(429) 645-1847,Human Resources
38,Larson,Lillian,dalici@kutfu.mr,(487) 978-6206,Accounting
39,Owens,Pearl,agibelas@kilac.bv,(414) 820-9690,Accounting
40,McDaniel,Elmer,iciur@fo.cv,(811) 934-1275,Finance
41,Ross,Louisa,igsevuw@zo.ck,(251) 340-8387,Management
42,Higgins,Connor,geb@nig.eh,(931) 893-6452,Management
43,Alexander,Barbara,beza@nackuke.jp,(608) 477-8396,Management
44,Ballard,Lettie,jegduut@hani.bm,(772) 984-6128,Human Resources
45,Murray,Margaret,gi@coegaolu.lk,(983) 537-7388,Finance
46,Cobb,Angel,nekuhep@sesmut.sx,(476) 859-6068,IT
47,George,Eva,tuwehij@pug.bq,(486) 700-8759,Finance
48,Goodwin,Minnie,wo@bilbizweb.la,(520) 225-4762,Human Resources
49,Kelly,Maude,bivewiwe@zi.ru,(348) 312-3532,Sales
50,Warner,Della,kimig@unmuumu.mo,(316) 408-7380,Sales
51,Brooks,Rosa,ive@gigbosopa.sb,(332) 734-9452,Sales
52,Evans,Mayme,lulsofet@kasbuvnut.pw,(724) 313-8043,Accounting
53,Washington,May,uki@gu.in,(249) 331-8264,Human Resources
54,Gregory,Charlie,utganev@abe.lt,(623) 402-2283,IT
55,Richardson,Troy,du@te.az,(755) 969-9019,Sales
56,Webster,Madge,kogu@jamuuf.mh,(605) 429-2341,Accounting
57,Mullins,Rebecca,echu@pavtavas.ly,(678) 840-1585,Human Resources
58,Leonard,Dylan,golbag@lukit.jo,(582) 338-4399,Sales
59,Singleton,Lura,uwo@rise.tc,(801) 938-2070,Accounting
60,James,Gavin,luletpoz@lijav.mx,(221) 465-6946,Accounting
61,Vasquez,Ryan,rogij@epi.cf,(851) 984-4026,Finance
62,Hunter,Georgia,fosed@lacigka.ke,(201) 923-2217,Accounting
63,Garner,Sylvia,cewe@motoij.je,(747) 703-1323,Sales
64,Moody,Ronald,osacope@ezbeztup.mx,(625) 803-4108,IT
65,Parks,Clara,zepajim@ihate.hu,(634) 912-7904,Human Resources
66,Estrada,Christine,beh@telhi.ee,(319) 306-6667,Sales
67,Clayton,Lola,zeshubrog@vusvot.nc,(858) 630-5946,IT
68,Rivera,Ryan,ujrud@ebegut.tm,(328) 300-8322,Human Resources
69,Rodriguez,Sallie,uhe@tufab.la,(430) 758-3619,Sales
70,Allison,Harry,zuzwu@zejuw.mu,(689) 440-6958,Sales
71,McBride,Craig,zaz@hizwonel.aw,(247) 815-2613,Management
72,Sherman,Estelle,uwota@home.jo,(863) 979-3787,Sales
73,Francis,Laura,loladnos@kukegewub.ph,(746) 231-5077,Management
74,Sanders,Ethel,suj@ecaan.jm,(340) 680-5458,Sales
75,Price,Rose,zo@lelar.ua,(250) 629-5061,Accounting
76,Willis,Harold,kim@fuziwu.ir,(612) 376-1874,IT
77,Fields,Dean,hibama@owu.at,(224) 775-9435,IT
78,Richards,Willie,vevuvuz@ad.nr,(432) 490-9563,Sales
79,Frazier,May,tetpij@ufuagefis.mq,(252) 716-2978,Sales
80,Griffin,Louisa,cetje@gunip.nl,(341) 981-4662,Human Resources
81,Gomez,Bryan,faege@ikokejec.bq,(446) 458-7248,Finance
82,Bennett,Stella,riav@juzu.hm,(954) 854-2896,Sales
83,Singleton,Nathaniel,umakateg@puhibki.ar,(528) 614-3465,Human Resources
84,Steele,Amy,biwur@wuhgujo.ly,(277) 761-9276,Finance
85,Grant,Ernest,zeruni@iwaisi.bn,(551) 967-9431,Human Resources
86,Osborne,Travis,tirisumoz@hew.gov,(720) 516-6115,Sales
87,Clayton,Betty,ta@lagu.rs,(383) 725-1180,Sales
88,Rivera,Troy,vomowwu@bukode.kz,(710) 553-4742,Accounting
89,Hogan,Martha,hajor@annuv.ug,(863) 733-3965,Accounting
90,Ryan,Louis,zirgus@ge.ph,(265) 662-1391,Accounting
91,Owen,Jeff,lotni@edtar.gt,(309) 360-2050,Accounting
92,Arnold,Sue,lehoka@iketunnol.yt,(517) 696-8875,Management
93,Houston,Nelle,ferhi@pobgon.gf,(747) 991-8308,Sales
94,Garcia,Clyde,cafadodu@hohura.ls,(938) 425-6781,Finance
95,Mills,Ann,ozanwom@pe.mr,(345) 518-8486,Finance
96,Colon,Marion,obo@uwunat.cv,(625) 985-2332,Sales
97,Gonzales,Jacob,uzras@zosfi.sa,(585) 553-3739,Finance
98,Day,Tyler,vinja@nuvzuaha.mk,(424) 903-5171,Human Resources
99,Hanson,Isabel,iwara@fassovbo.tn,(666) 917-7685,Accounting
100,Boyd,Shawn,murifef@fo.li,(929) 554-3395,IT
101,Hall,Olivia,mademron@mefupi.ae,(481) 280-7452,Sales
102,Atkins,Glenn,hab@keb.ad,(543) 895-9879,Finance
103,Jackson,Kenneth,pu@jiok.gn,(651) 374-4455,Finance
104,Wise,Johanna,pasozi@jabfeba.ua,(766) 703-6766,Management
105,McCarthy,Annie,waomuog@suvasefes.mt,(638) 367-9469,Human Resources
106,Stevenson,Franklin,fogmiltev@mig.tt,(224) 669-2202,IT
107,Morales,Harriet,laf@rutuuw.pk,(849) 961-4406,Sales
108,Terry,Mayme,su@dok.com,(942) 817-8457,Accounting
109,Lucas,Leon,pes@tuwworhad.vu,(621) 970-6427,Human Resources
110,Ingram,Eula,zuawovub@kugusedi.za,(272) 363-4201,Human Resources
111,Reyes,Isabelle,sijo@osdafsi.my,(373) 830-2691,Accounting
112,Miles,Charles,zozvo@amowi.co.uk,(471) 282-9714,Sales
113,Lucas,Violet,cafo@jaj.sa,(773) 553-6676,Human Resources
114,Copeland,Hallie,duj@nivava.vu,(586) 657-5970,Sales
115,Stone,Tom,sitmori@jidu.gf,(885) 488-4037,Management
116,Cunningham,Adele,gakuw@buse.md,(424) 522-5165,Management
117,Lamb,Chris,rowam@owbiur.dj,(915) 916-5605,Sales
118,Peterson,Cora,fum@jet.eu,(332) 214-3323,Management
119,Townsend,Madge,nuzzopezi@gok.er,(661) 501-5830,Accounting
120,McGee,Marguerite,licaskur@ujojuj.bq,(262) 646-6585,Accounting
121,Simpson,Sally,voz@be.aq,(953) 886-8175,Human Resources
122,Briggs,Herbert,muot@rodru.id,(724) 978-5331,Sales
123,Holmes,Mittie,ziz@odpuzkol.ge,(327) 521-8783,Accounting
124,Barker,Josie,ijisac@ufto.sl,(604) 379-3700,Accounting
125,Torres,Gertrude,dekut@ih.pl,(779) 560-2223,Sales
126,Pope,Louis,coskapim@kapokwof.af,(722) 374-2526,Management
127,Carroll,Matthew,ja@fa.gg,(663) 258-5243,Management
128,Jones,Maude,ocegi@mabo.ua,(811) 995-9770,Sales
129,Washington,Delia,cahoc@mo.ls,(626) 447-9985,Human Resources
130,Chapman,Roger,usgaji@bivbopun.gd,(767) 767-4698,Human Resources
131,Gutierrez,Augusta,de@lut.us,(780) 761-6508,Finance
132,Bush,Marc,zeto@ecootouk.cw,(568) 533-5119,Finance
133,Pratt,Lola,tobif@osi.gu,(610) 612-4780,Finance
134,Wade,Clarence,mu@pa.pg,(876) 953-4310,Accounting
135,Hall,Warren,zodusces@sa.cr,(812) 628-8992,Finance
136,White,Jonathan,pufpon@dutup.om,(785) 645-4018,Sales
137,Andrews,Mitchell,ro@ug.is,(730) 982-3710,Management
138,Garner,Timothy,zid@lat.kg,(842) 205-4617,Finance
139,Douglas,Gary,nemhini@ba.pk,(525) 551-3954,Sales
140,Simmons,Manuel,lop@tinamor.za,(725) 856-8399,Sales
141,Garcia,Mabel,peb@wafhum.lk,(610) 836-2326,IT
142,Webster,Nell,oduwufret@un.io,(741) 975-9404,Accounting
143,McKinney,Nora,keh@loaju.ch,(966) 306-6976,Management
144,Cortez,Glen,kukaor@zecka.ni,(976) 851-9644,Finance
145,Hart,Kate,ifesec@vi.ls,(868) 634-4878,Accounting
146,Peterson,Myra,utegus@saposrit.io,(579) 502-5726,Sales
147,Moody,Linnie,vamse@wagervat.mn,(408) 406-3338,Finance
148,Waters,Adele,wuginraj@jeh.tc,(244) 666-6108,Management
149,Tucker,Elijah,senumavo@uli.dm,(263) 879-5231,Sales
150,Herrera,Lewis,ocijiljav@bidelug.edu,(828) 553-5362,Management
